{
    "arima": {
        "MAE": 0.004662386877907743,
        "RMSE": 0.006884909697216122,
        "Directional Accuracy": 0.49743589743589745
    },
    "linear_regression": {
        "MAE": 0.004716145152586031,
        "RMSE": 0.006883985256404701,
        "Directional Accuracy": 0.5076923076923077
    }
}